NODE_ID,NODE_TYPE,NODE_NAME,TURN_P,x,y
2330451000,101,목동312-2,0,127.1255526,37.18097527
2330467700,101,서동탄역사거리,0,127.0527215,37.19863113
2330531201,103,중동산176-8,0,127.1343003,37.20203756
2330539100,101,신동701-253,0,127.1282099,37.1790998
2330540000,101,신동500,0,127.1416647,37.17798455
2330529801,103,동탄TG,0,127.1317888,37.20319372
2330120400,106,동탄JC북측,0,127.0958558,37.18240963
2330527501,104,신리터널(동측),0,127.1088305,37.17901085
2330528101,104,신리천교(서측),0,127.1141341,37.18143275
2330530101,104,중리2교(동측),0,127.1330041,37.2035682
2330528501,103,목동산57-17,0,127.1221392,37.19058983
2330528201,104,신리천교(서측),0,127.1140617,37.18153618
2330526501,106,동탄JC,0,127.0945055,37.17919335
2330447100,101,산척동456,1,127.1196532,37.16759344
2330007900,105,화성시-용인시처인구,0,127.1291901,37.14884487
2330061500,104,반송동626-3,0,127.0823478,37.18581279
2330069700,101,포스코더샵앞교차로,1,127.0731615,37.19963613
2330074900,101,아미고,0,127.0598801,37.20347184
2330082600,101,반송딸기S어린이집,0,127.0635399,37.20971173
2330082900,101,잎새지하차도사거리,1,127.0706523,37.20983184
2330085000,101,다솜아이어린이집,0,127.0625807,37.2105937
2330085800,101,동탄사임당어린이집,0,127.0642863,37.21085339
2330094500,101,영천교회,0,127.0626405,37.21421133
2330096900,101,순복음동탄교회,0,127.0602601,37.21526836
2330100000,101,투썸플레이스동탄한림대병원점,0,127.078957,37.2170989
2330103300,101,벨호텔,1,127.0779427,37.21870966
2330150300,101,반월삼거리,0,127.0733238,37.22535051
2330159900,106,기흥동탄IC,0,127.0961956,37.214124
2330160100,104,기흥동탄TG,0,127.0918015,37.21674381
2330208100,104,동부대로5지하차도북측,0,127.0873821,37.17528433
2330208600,104,봉담동탄고속도로밑지하도북측,0,127.087884,37.17838917
2330210000,101,동부대로1지하차도,1,127.0881578,37.20929815
2330211002,101,방교동860,0,127.0924368,37.17151974
2330213403,101,방교동793,0,127.0939767,37.18015831
2330214101,101,방교동876-3,1,127.0927594,37.18340086
2330215402,101,영천동267-2,1,127.0923412,37.21606869
2330238204,101,오산동967-424,0,127.0974549,37.19691096
2330238800,101,동탄호수공원미래체험관,1,127.1067192,37.16567561
2330282400,101,신리IC교차로,0,127.1238376,37.17092092
2330283900,104,중리터널북측,0,127.1315358,37.19856809
2330303700,101,동탄2신도시퍼스트타워,0,127.0988019,37.20739189
2330305100,101,호반베르디움아파트,1,127.1181615,37.20014395
2330320201,101,능동1206,0,127.0559921,37.21688787
2330322100,101,동탄타워,1,127.0660331,37.20730492
2330323500,101,HS하이테크,0,127.0893957,37.16481296
2330324400,101,방교중학교,0,127.1022314,37.17517177
2330349000,101,오산동967-1092,0,127.0880458,37.19584721
2330349600,101,오산동967-765,0,127.0897156,37.20141847
2330350900,101,장지리190-6,1,127.095495,37.1589056
2330351600,102,동탄면장지리233,1,127.1014154,37.15488288
2330362700,101,오산동504-1,1,127.0995479,37.18490717
2330363701,101,영천동62-5,0,127.1039142,37.21880408
2330364500,101,장지동495-17,1,127.1121185,37.15529224
2330402000,101,능동468-4,1,127.0530929,37.21294354
2330405200,101,반송동151-8,0,127.0661427,37.19290507
2330412400,101,영천동744-2,0,127.1239643,37.2034949
2330413400,101,영천동764-5,0,127.1287019,37.20306948
2330450300,101,목동253-2,0,127.1230903,37.18146687
2330452000,101,목동266-2,0,127.1264775,37.18144189
2330452400,101,목동245-1,0,127.1235652,37.18354996
2330453700,101,장지동산110,0,127.1021174,37.15781113
2330460000,101,반송동229-1,0,127.0650078,37.2081801
2330460500,101,영천동산26,1,127.0976673,37.2113466
2330461100,101,영천동358-69,0,127.0909429,37.21054665
2330517601,101,동탄호수공원경기행복주택,1,127.1208111,37.16702219
2330496100,106,기흥동탄IC,0,127.0874682,37.21525442
2330159902,104,동탄지하차도남측,0,127.0956192,37.19229284
2330539500,101,신동산155,0,127.1391593,37.17462936
2330450100,102,산척동674-78,0,127.1231886,37.17389164
2330540800,101,신동196-2,0,127.1416,37.18768743
2330539600,101,신동591-3,0,127.1340408,37.17948511
2330527601,104,신리터널(동측),0,127.108748,37.17917734
2330011602,101,EV충전소,1,127.0859378,37.19425915
2330008300,105,오산시-화성시,0,127.0942795,37.15884937
2330013501,101,중리교,0,127.134089,37.203187
2330070100,101,풍성신미주앞교차로,0,127.0616184,37.1997126
2330072800,101,동탄하늘교회,0,127.0598839,37.2022674
2330074600,104,창조교,0,127.071032,37.20324805
2330077200,101,나래울사거리,0,127.0526787,37.20503585
2330081800,101,반송딸기S어린이집,0,127.0636579,37.20924255
2330087000,101,반송아기사랑어린이집,1,127.0625086,37.21128328
2330102201,101,능동1185,0,127.0598021,37.21833809
2330108000,101,인화산업,0,127.0723225,37.22277392
2330160000,106,기흥동탄IC,0,127.0946311,37.21649437
2330210400,101,오산동882-1,0,127.088212,37.18517069
2330211900,101,더샵센트럴시티2차,1,127.0899987,37.18681385
2330213404,103,속성변화점,0,127.0944349,37.18083264
2330238103,101,영천동산25-2,1,127.0988027,37.2113533
2330281900,101,목리427-8,1,127.122507,37.18262587
2330281901,101,목동244-1,0,127.1228247,37.18369569
2330302501,101,방교동819,0,127.0828064,37.16481066
2330304000,101,동탄중앙고등학교,0,127.1095544,37.20192649
2330321202,101,능동1185,0,127.0584577,37.21959488
2330322303,101,반송동231,1,127.0684168,37.21056036
2330323400,101,라모스테크놀로지,0,127.0884531,37.16700398
2330325500,101,영성산업,0,127.1106114,37.17089557
2330345300,101,동탄화훼단지,1,127.052256,37.21523835
2330354300,101,목동123-1,0,127.1231303,37.18959825
2330362500,101,송동산49-8,0,127.0994021,37.17391074
2330364000,101,장지지하차도,0,127.1063431,37.15661164
2330365600,102,영천동651-682,0,127.1168558,37.21717974
2330402800,103,속성변화점,0,127.0611313,37.20522936
2330405100,101,반송동147-9,0,127.0661206,37.19342486
2330408900,101,반송동120-7,0,127.0767306,37.1971335
2330411400,101,영천동710-3,0,127.1139306,37.20471807
2330412700,101,영천동751-7,0,127.1259674,37.20249819
2330454500,102,방교동850,0,127.0886559,37.17710049
2330454600,101,방교동787,0,127.0887059,37.17997516
2330455400,101,방교동788,0,127.0898058,37.18105838
2330458300,101,방교동789,0,127.0904307,37.18319147
2330459800,102,영천동652-4,0,127.0971549,37.20833028
2330461000,102,영천동33,0,127.1106536,37.21859585
2330461900,101,영천동358-36,1,127.0923053,37.21142156
2330463600,101,반송동228-1,0,127.0651452,37.20942163
2330464500,101,반송동229,0,127.0662326,37.20998823
2330465100,101,석우동73,0,127.0757816,37.22389502
2330465700,101,반월교차로,0,127.0727482,37.22596354
2330467400,101,나래울사거리,0,127.0525839,37.20419715
2330468300,101,능동1267,0,127.052859,37.19733961
2330469200,101,능동1276,0,127.0512341,37.19768123
2330539900,101,화성동탄2A57-1,0,127.1427652,37.17479662
2330527301,104,신리터널(서측),0,127.1036292,37.17785328
2330528601,103,목동산57-17,0,127.1222761,37.19053843
2330529701,104,중리2교(서측),0,127.131907,37.20265212
2330527201,103,신리2교(동측),0,127.101683,37.17787154
2330013612,101,IT마을사거리,0,127.0747094,37.2235506
2330072500,101,다은마을사거리,1,127.0708856,37.20194032
2330076300,101,KT삼거리,1,127.0742533,37.20436749
2330076500,101,동탄고등학교,1,127.0593174,37.20456782
2330083000,101,IBK기업은행동탄서지점,0,127.0621104,37.20983558
2330083600,101,안화중앞교차로,0,127.0485056,37.2101011
2330084500,101,동탄하늘교회,1,127.0594795,37.21041635
2330087500,104,잎새지하차도,0,127.0676365,37.21151222
2330092900,101,남서울밀알교회,0,127.0555689,37.21385684
2330094100,101,영천교회,0,127.0629866,37.21415874
2330101500,101,커피앤더블샷,0,127.080491,37.21770001
2330207001,101,오산동855-1,0,127.085918,37.18802631
2330207200,104,새롬교동측,0,127.0859485,37.20929991
2330208200,101,DM디스플레이앞,1,127.08766,37.16478543
2330210104,101,방교동776-2,0,127.0914556,37.18244283
2330211600,104,오산리천1교,0,127.0900095,37.18516845
2330213401,101,동탄프리미엄아울렛,1,127.0925047,37.18101288
2330279502,101,산척동산155,0,127.1076187,37.1756167
2330302500,101,방교동818,0,127.0811834,37.16483622
2330302702,101,방교동814,0,127.0845307,37.16862772
2330303100,101,금강쿼츠,0,127.0877845,37.16861483
2330304200,101,서울비전동탄검진외래센터,0,127.1098064,37.20795899
2330304400,101,동탄중앙초등학교,0,127.1125073,37.19908675
2330304700,101,오산동산32-2,1,127.1143337,37.18352014
2330320000,101,한마음초교삼거리,0,127.0551691,37.20808692
2330322300,101,석우초등학교,0,127.0671563,37.20903958
2330323303,101,방교동791,0,127.0904059,37.17963215
2330326800,101,산척리349-6,0,127.116414,37.16973065
2330326902,101,산척동산118,0,127.117883,37.16937719
2330349300,101,오산동967-1042,0,127.089699,37.19690946
2330349400,101,오산동967-1143,0,127.0897005,37.19580421
2330349500,102,오산동967-341,0,127.0897116,37.20432859
2330349700,101,오산동967-614,0,127.0897331,37.20316799
2330350600,101,오산동산88-49,1,127.0927318,37.19691161
2330351000,101,장지리910-472,0,127.0955179,37.16102072
2330351400,101,송리산41-4,0,127.0999965,37.16482652
2330363400,101,청계동522,0,127.1020774,37.19828488
2330365400,101,영천동697,0,127.1161473,37.20480475
2330401900,101,기산동109-3,0,127.0520522,37.21457125
2330404000,101,반송동52-9,0,127.0620568,37.20665065
2330404700,101,센트럴파크사거리,1,127.0630725,37.208054
2330404800,101,반송동148-6,0,127.0657532,37.1935122
2330447900,101,산척동산117-2,0,127.1195032,37.16980152
2330448400,101,산척동산39-3,0,127.1225155,37.1698932
2330451900,101,목동267-2,0,127.1256276,37.18122524
2330453300,101,장지동154,0,127.1047797,37.15935263
2330455100,101,방교동788,0,127.0898058,37.18213325
2330455200,101,방교동755-11,0,127.0892808,37.18212492
2330455700,101,방교동788,0,127.0897808,37.1799585
2330456400,101,방교동789,0,127.0904182,37.1817583
2330458500,101,오산동738-2,0,127.0920555,37.18784094
2330459100,101,영천동652-7,0,127.0971674,37.20738039
2330464800,101,석우동66,0,127.0744318,37.22514487
2330540100,101,신동308-1,0,127.1391021,37.18014582
2330527001,104,신리2교(서측),0,127.1012298,37.17783396
2330500700,104,신리교,0,127.127574,37.18320678
2330010904,104,송리교,0,127.0857565,37.16837524
2330008600,105,오산시-화성시,0,127.0838903,37.16110487
2330013500,101,지하차도동측,0,127.1239562,37.20224601
2330066600,101,생명나무교회,0,127.0781265,37.19608877
2330074100,104,만남교,0,127.0728399,37.20306209
2330079200,101,태영데시앙앞교차로,0,127.0578934,37.20721945
2330086500,101,동탄사임당어린이집,0,127.0648668,37.21107834
2330089100,101,반송마을사거리,1,127.0635669,37.21228575
2330103100,101,제이에스부티크호텔,0,127.0791307,37.21862345
2330103900,101,제이에스부티크호텔,0,127.0797051,37.21884994
2330105300,101,에스제이커뮤니티,0,127.0696605,37.21954901
2330107600,101,CU화성삼성디오네점,0,127.0744043,37.22242737
2330109800,101,셀렉토커피수원동탄본점,0,127.0728721,37.22500559
2330144000,101,영천동95,1,127.1018457,37.21465566
2330206400,104,새롬교서측,0,127.0836564,37.20933211
2330208500,104,봉담동탄고속도로밑지하도남측,0,127.0878488,37.17809844
2330214400,101,한미약품교차로,1,127.0927954,37.20929757
2330214600,101,오산동962-57,1,127.09277,37.18508806
2330238201,101,오산동970,0,127.0987797,37.19554279
2330238300,101,동탄우남퍼스트빌주출입구,1,127.0988093,37.20144127
2330279100,101,장지지하차도교차로,0,127.1031188,37.15807905
2330302801,101,방교동822,0,127.0806401,37.16179601
2330303400,101,감배중학교,0,127.0896903,37.19169975
2330304800,101,한백초등학교,0,127.1145233,37.20733369
2330305000,101,무봉초등학교,1,127.1161,37.20364549
2330322101,101,반송동228-3,0,127.0647925,37.20784671
2330322304,101,석우초등학교,0,127.067767,37.20984891
2330323100,101,방교동866,1,127.0863622,37.16482484
2330326901,101,산척동산36-6,0,127.1190098,37.17077098
2330350100,101,오산동967-1158,0,127.0917742,37.19690749
2330350101,101,오산동967-222,0,127.091788,37.19773931
2330350400,101,오산동967-1401,1,127.0927259,37.19570095
2330350800,101,송리447-9,0,127.0935025,37.16671822
2330350901,101,장지동192-5,1,127.0963929,37.15892859
2330352201,101,영천동714,0,127.1083949,37.2078549
2330352900,101,동탄2경남아너스빌아파트,0,127.1098171,37.20460156
2330353400,101,산척리659-4,0,127.1125805,37.17575467
2330354100,101,동탄2지구119안전센터,1,127.1185271,37.18337242
2330361601,101,송동산41-3,0,127.0954805,37.16530565
2330363700,101,영천동산5-3,0,127.1039123,37.21684553
2330364501,101,장지동446-1,1,127.107388,37.15609498
2330366300,101,영천동723,0,127.1229692,37.20583049
2330366500,102,영천동723,0,127.1244128,37.20711482
2330402300,101,반송동51-2,0,127.0607461,37.2070965
2330403200,101,반송동43-1,0,127.0615356,37.20869517
2330403900,101,반송동53-5,0,127.0620407,37.20590035
2330404400,101,반송동47-7,0,127.0624444,37.20750019
2330406100,101,반송동154-5,0,127.0670243,37.19260565
2330407503,101,나루고등학교,1,127.0721959,37.18710557
2330407600,101,반송동197-1,0,127.0737706,37.19008804
2330407900,101,반송동196-29,0,127.0745666,37.18901446
2330409701,101,오산동169-2,0,127.0979685,37.18968435
2330413200,101,영천동777-3,0,127.1274847,37.20388114
2330413401,101,중동319-2,1,127.1326383,37.20312682
2330447400,101,산척동390,0,127.122603,37.16830171
2330448500,101,산척동산37-1,0,127.1226905,37.16876833
2330448800,101,산척동산114-1,0,127.1201782,37.16927659
2330449100,101,산척동산114-1,0,127.1212781,37.16940991
2330449600,101,목동345-7,0,127.1232903,37.18037533
2330453600,102,장지동산2-1,0,127.1061045,37.15877771
2330454100,102,송동425-3,0,127.0922682,37.16690169
2330454700,101,방교동787,0,127.0887184,37.18035845
2330457500,101,방교동790,0,127.0920556,37.18319148
2330458400,101,방교동788,0,127.0898058,37.1831998
2330459400,102,영천동652-7,0,127.0961925,37.2074887
2330461600,101,영천동355,0,127.0926427,37.21342967
2330462600,102,금곡동583-2,0,127.0770446,37.16650998
2330463200,101,반송동229-1,0,127.0654327,37.20887169
2330464400,101,반송동229,0,127.0665451,37.21038819
2330467000,102,능동1283-4,0,127.0484968,37.20198905
2330468700,101,능동1260,0,127.0514966,37.19894775
2330495900,101,영천동99-6,0,127.0994421,37.21432127
2330504401,104,화성동탄경찰서,0,127.0935273,37.18662566
2330504001,101,금곡교차로,1,127.0793904,37.17296752
2330504301,101,금곡입구삼거리,1,127.0805985,37.1859042
2330528401,104,신리천교(동측),0,127.1173047,37.18379346
2330528801,104,동탄터널(서측),0,127.1237226,37.19364613
2330529201,104,중리1교(서측),0,127.1301278,37.20122911
2330526201,106,동탄JC,0,127.0950057,37.17526442
2330526701,104,방교3교(동측),0,127.0969645,37.17783981
2330500500,105,오산시-화성시,0,127.0888899,37.16071638
2330066200,101,갤러리카페포라,0,127.0812447,37.19541616
2330073300,101,폴리어린이집,0,127.0608901,37.20270161
2330079000,101,학동초사거리,0,127.0658443,37.20691242
2330086800,101,동탄사임당어린이집,0,127.0645462,37.21122844
2330087300,101,반송아기사랑어린이집,0,127.0632582,37.21138704
2330089300,101,반송마을사거리,0,127.0640004,37.2124331
2330092000,104,풀잎지하차도,0,127.075837,37.213219
2330096400,101,아이캐슬어린이집,0,127.0545155,37.21503478
2330097700,101,동탄능동성당,0,127.0609343,37.21570521
2330099400,102,동탄성심병원장례식장,0,127.0810187,37.21682555
2330107200,101,한국야스카와전기수원지점,0,127.0694167,37.22181659
2330150600,101,태안농협기산지점,1,127.0535208,37.21511353
2330206900,104,동부대로6지하차도북측,0,127.085705,37.16775909
2330209200,104,동부대로4지하차도북측,0,127.0880568,37.18913868
2330210102,101,방교동789,0,127.0904182,37.18244082
2330210900,104,기흥1교남측,0,127.0889138,37.21388431
2330211300,101,주택전시관앞,1,127.0896801,37.19424416
2330213400,101,위드텍,1,127.0919028,37.17963675
2330213800,101,오산동967-1528,1,127.092749,37.19425594
2330237800,104,방교터널서측,0,127.0919091,37.17250596
2330238603,101,영천동95,0,127.1028931,37.21371534
2330240500,101,금호오토구리스,0,127.1274369,37.20190603
2330281700,104,생태터널북측,0,127.1213268,37.17864725
2330281701,101,목동251-5,0,127.1222158,37.18163938
2330303201,101,동탄6동행정복지센터,0,127.0890649,37.1736554
2330320300,101,프롬디,0,127.0560315,37.21508615
2330320701,101,능동1179,1,127.0581639,37.21816747
2330320800,101,동탄삼성공인중개사무소,0,127.0578291,37.2166781
2330322500,101,하이마트,0,127.0749031,37.20708792
2330325600,101,산척리240,1,127.110623,37.17246397
2330326601,101,산척동358-2,0,127.1190785,37.17968888
2330351103,101,오산동산88-95,0,127.0962834,37.19852388
2330351801,101,송동49-10,0,127.1053265,37.16768019
2330351900,101,한독약품물류센타,1,127.1042909,37.15982996
2330351901,101,장지동산120-12,0,127.1059422,37.16234299
2330354502,101,목동342-2,0,127.1243616,37.18050932
2330362600,101,송동681-208,0,127.0994165,37.17519256
2330363901,101,장지동산120-11,0,127.1056957,37.16316135
2330364200,101,장지동121,0,127.1096792,37.16148905
2330364403,101,영천동79-12,0,127.1090908,37.21678713
2330365500,101,장지동55-4,0,127.1165603,37.16191147
2330403000,101,반송동45-8,0,127.0611574,37.2079154
2330405400,101,반송동145-1,0,127.0663459,37.19481405
2330408000,101,반송동196-1,0,127.0745737,37.18955679
2330408300,101,반송동194-12,0,127.076229,37.18792359
2330410800,101,영천동695-1,0,127.1126845,37.20649176
2330412800,101,영천동749-19,0,127.1260869,37.20307756
2330447300,102,산척동627-38,0,127.1291649,37.16641864
2330447600,101,산척동산114-1,0,127.1201407,37.16895996
2330448300,101,산척동산114-1,0,127.1215155,37.17021815
2330448600,101,산척동산37-1,0,127.1221655,37.16886831
2330449800,103,속성변화점,0,127.1260795,37.17127345
2330451800,101,목동267-5,0,127.12634,37.1810836
2330453200,101,장지동148,0,127.1052046,37.15825276
2330453900,103,속성변화점,0,127.1011175,37.15808609
2330454200,101,방교동833-7,0,127.0897184,37.17145948
2330456700,101,동탄프리미엄아울렛,0,127.0914307,37.18033347
2330457900,101,방교동786,0,127.0898058,37.18340811
2330458100,101,방교동788,0,127.0898058,37.18270819
2330458200,101,방교동789,0,127.0904182,37.18271652
2330459000,102,오산동967-101,0,127.0919805,37.19331531
2330460100,101,영천동산24-1,0,127.1009545,37.20989679
2330460400,102,영천동506-1,0,127.1017169,37.21220486
2330463500,101,반송동230-1,0,127.0661452,37.20809678
2330465800,101,석우동948,0,127.0695197,37.22397831
2330467200,101,능동1248,0,127.052009,37.2040805
2330468200,101,능동1276-2,0,127.052284,37.19731461
2330504601,101,왕산들지하차도,0,127.096375,37.18647032
2330504501,102,동탄2신도시센트럴스타(2021년12,0,127.0968032,37.18567009
2330540400,101,신동371,0,127.1446791,37.18064275
2330539200,101,신동689,0,127.1344237,37.17526539
2330539700,101,신동518,0,127.1416599,37.17442188
2330540700,101,신동674-26,0,127.1413764,37.18675585
2330530901,104,무봉산1터널(서측),0,127.1415692,37.21056906
2330526301,106,동탄JC,0,127.0952398,37.17803563
2330529901,106,동탄IC,0,127.1328776,37.20292893
2330500600,104,신리교,0,127.1253721,37.17759157
2330013601,101,석우동632,0,127.0841418,37.20465032
2330018800,101,백두개발,0,127.0553076,37.21632821
2330066000,101,반석초교사거리,0,127.0748394,37.1948099
2330066100,102,사랑밭교회,0,127.080439,37.19517391
2330067300,101,살아있는교회,0,127.0778858,37.19677464
2330072000,101,설리번어린이집,0,127.0608708,37.20188737
2330074300,101,동탄i어린이집,0,127.0609329,37.2030964
2330075400,104,만남교,0,127.0729687,37.20366434
2330078800,101,동탄보건지소,0,127.0776699,37.20677298
2330083400,101,나리예어린이집,0,127.0637574,37.21006436
2330091000,101,영천교회,0,127.0630319,37.21331719
2330099100,101,하나지하차도사거리,1,127.0585742,37.21676608
2330100500,101,주님의교회,0,127.0593261,37.21729233
2330102200,101,블리스인,0,127.06026,37.21796177
2330102300,101,커피앤더블샷,0,127.0802026,37.21814039
2330209700,104,동부대로2지하차도남측,0,127.0881224,37.20329635
2330211000,101,테크윙앞,1,127.0890931,37.16849523
2330213000,104,벌말지하차도,0,127.0915888,37.17755235
2330213300,103,속성변화점,0,127.0916948,37.18516914
2330215500,104,기흥동탄TG밑지하도남측,0,127.0943567,37.21628783
2330238700,101,영천초등학교,1,127.1034536,37.20427467
2330239900,104,터널북측,0,127.1203895,37.19352941
2330278800,101,오산동401-1,1,127.1005714,37.18618027
2330278900,104,장지지하차도서측,0,127.1006291,37.15882621
2330302700,101,솔테크놀로지,0,127.0827254,37.16864147
2330303501,101,방교동851,0,127.0904303,37.17519785
2330303800,101,동탄우남퍼스트빌,0,127.1027997,37.20267969
2330323300,101,동부대로4지하차도,0,127.0879562,37.17962671
2330323700,101,동성정밀엘엑스,0,127.0926095,37.17251029
2330351200,101,장지리209-1,1,127.0992065,37.15900222
2330351500,101,오산동967-2620,0,127.1010533,37.18121723
2330352400,101,산척리65-2,1,127.1075762,37.17247617
2330352500,101,산척리603-1,1,127.1075669,37.16567555
2330353200,101,산척리542-2,0,127.1104215,37.1685012
2330354400,101,목리429-2,1,127.1233935,37.18562064
2330361300,101,오산동967-1198,0,127.0927264,37.19954825
2330362200,103,속성변화점,0,127.0972603,37.17494916
2330366000,102,영천동697,0,127.1192722,37.20959129
2330366600,101,영천동772,0,127.1274897,37.2032411
2330402900,101,숲속초등학교앞,0,127.0611542,37.20581552
2330403800,101,반송동47-8,0,127.0620051,37.20764535
2330409500,101,오산동217-22,1,127.0927393,37.19121103
2330411900,101,영천동740-16,0,127.1233351,37.2029574
2330412300,101,영천동742-1,0,127.1238298,37.20455047
2330415800,102,방교동872-221,0,127.0792444,37.16279375
2330448700,101,산척동산114-1,0,127.1211781,37.16906828
2330451700,101,목동313-6,0,127.1254901,37.18074197
2330456100,101,방교동789,0,127.0904182,37.18075008
2330456200,101,방교동789,0,127.0904182,37.18105838
2330457200,101,방교동790,0,127.0919931,37.18172498
2330457700,101,방교동765-10,0,127.0914556,37.18319148
2330460800,101,영천동79-5,0,127.1050541,37.21563782
2330461400,101,영천동221-1,0,127.0913178,37.2139046
2330461700,101,영천동358-27,0,127.0918303,37.2119215
2330462500,102,장지동503-3,0,127.1099667,37.15495317
2330463100,101,반송동229-1,0,127.0652077,37.20850507
2330463300,101,반송동229-1,0,127.0656327,37.20920499
2330463900,101,반송동227,0,127.0659577,37.21122142
2330465200,103,속성변화점,0,127.0749942,37.22526986
2330504701,101,동탄2신도시센트럴스타(2021년12,1,127.098196,37.18566581
2330539400,103,신동570-2,0,127.1340554,37.17811905
2330540200,101,신동487-2,0,127.1409565,37.17945049
2330527701,104,신리3교(서측),0,127.1113713,37.18001752
2330528001,104,신리3교(동측),0,127.1118983,37.18024235
2330530501,106,동탄IC,0,127.1339524,37.20437113
2330529601,104,중리2교(서측),0,127.1317503,37.20271248
2330529301,104,중리1교(서측),0,127.1300471,37.20130548
2330528301,104,신리천교(동측),0,127.1171202,37.18379962
2330530201,106,동탄IC,0,127.1326698,37.20453054
2330279101,101,장지동158,0,127.1036758,37.15891511
2330007901,101,장지동811-9,0,127.1226285,37.1527965
2330013603,104,나래교,0,127.0819403,37.20698916
2330064900,101,반송초교사거리,0,127.0686881,37.19091643
2330067700,101,동탄꿈의유치원,0,127.0779142,37.19741507
2330069500,101,서동탄역사거리,0,127.0529101,37.1994745
2330069501,101,능동1242,0,127.0565253,37.19908473
2330069502,101,능동1242,0,127.0556119,37.19894552
2330078400,101,숲속초교사거리,0,127.0598998,37.20655031
2330093400,101,동탄인랜드교회,0,127.0631788,37.21398058
2330094700,101,영천교회,0,127.0627917,37.21433765
2330101200,101,벨호텔,0,127.0786922,37.21753527
2330207500,104,장지천교남측,0,127.0866343,37.1606567
2330215600,104,기흥동탄TG밑지하도북측,0,127.0944285,37.2166414
2330238202,101,오산동967-350,1,127.0961567,37.19441909
2330238203,101,오산동산88-14,0,127.0960945,37.19553157
2330239100,101,신안인스빌리베라2차,1,127.116389,37.19910802
2330278100,104,송동지하차도서측,0,127.0882594,37.16481517
2330281600,104,터널남측,0,127.1210285,37.19265519
2330302400,101,노작공원,0,127.0791229,37.20707478
2330320500,101,고목정사거리,0,127.0564471,37.21555668
2330321203,101,능동1183,0,127.0607044,37.2202507
2330322900,101,에스엠티코리아,0,127.0852503,37.16139697
2330323304,101,방교동791,0,127.0912431,37.17963651
2330324900,101,동탄호수공원미래체험관,0,127.1067133,37.16851808
2330325200,101,리더스뷰프라자,1,127.1092933,37.18357925
2330326600,101,왕배초등학교,0,127.1143255,37.17946538
2330326602,101,창의고등학교,0,127.1200155,37.17965336
2330351101,103,속성변화점,0,127.0987951,37.19992496
2330353000,101,MBC아카데미골든키즈,0,127.110161,37.20659155
2330354500,101,목리444-30,0,127.1241373,37.17985302
2330404600,101,센트럴파크사거리,0,127.0628272,37.2081968
2330406900,101,반송동175-1,0,127.0694029,37.1882741
2330407501,101,반송동303-1,1,127.0708837,37.18788065
2330410600,101,영천동694-1,0,127.112142,37.20624534
2330410900,101,영천동702-10,0,127.1128625,37.20623139
2330411800,101,영천동740-3,0,127.1227194,37.20372743
2330412000,101,영천동738-9,0,127.1234139,37.20439628
2330412600,101,영천동743-1,0,127.1242704,37.20343878
2330449700,101,목동345-7,0,127.1235153,37.18068363
2330450500,101,목동345-1,1,127.1230028,37.18117523
2330453400,101,장지동산2-1,0,127.1052171,37.15916099
2330459200,101,오산동227-5,0,127.0961176,37.19115725
2330461200,101,영천동358-63,0,127.0917803,37.21052999
2330461800,101,영천동358-40,0,127.0918178,37.21142989
2330462300,102,장지동산50-1,0,127.12899,37.15393674
2330462400,102,장지동289-1,0,127.1079294,37.15392828
2330465900,101,반월동948,0,127.0684198,37.22333671
2330468500,101,능동1265,0,127.0532714,37.19849781
2330518401,101,기흥동탄IC,0,127.0856861,37.21661117
2330238302,101,청계동560,0,127.0988199,37.2035308
2330528701,104,동탄터널(서측),0,127.1234361,37.19375339
2330462000,101,동탄IC,0,127.1289921,37.20187345
2330526401,106,동탄JC,0,127.0973835,37.17641846
2330527101,104,신리2교(동측),0,127.1017064,37.17769585
2330528901,104,동탄터널(동측),0,127.1295359,37.20071797
2330530801,106,동탄IC,0,127.1379142,37.20776809
2330013605,101,큰재봉사거리,1,127.0798601,37.21133418
2330013607,101,투썸플레이스동탄한림대병원점,0,127.0779254,37.21671227
2330013610,101,변전소사거리,0,127.0756111,37.22156412
2330013611,101,석우동65,0,127.0740471,37.22459415
2330020900,105,화성시-용인시기흥구,0,127.0759096,37.22585278
2330021300,101,후문교차로,1,127.0715864,37.22716812
2330064200,101,국제고교삼거리,1,127.079604,37.1898453
2330065300,101,나루마을사거리,0,127.0804726,37.1927214
2330066800,101,가비수커피,0,127.0784234,37.19643978
2330069300,101,솔빛마을사거리,0,127.0712541,37.19918829
2330071300,102,신나는교회동탄채플,0,127.135555,37.20146935
2330071700,101,설리번어린이집,0,127.0608789,37.20160607
2330073000,101,동탄미트,0,127.0619534,37.20232251
2330073200,101,참소리언어발달연구소,0,127.0598826,37.20268812
2330073500,104,어울교,1,127.0738114,37.20281154
2330098400,102,한림대학교동탄성심병원,0,127.0792657,37.2161815
2330107100,101,형제전기,0,127.0727775,37.22181112
2330206701,101,방교동750-540,0,127.085595,37.1669604
2330208800,104,동부대로4지하차도,0,127.0879912,37.17997558
2330210103,101,방교동790,0,127.092043,37.18244374
2330212500,101,센터프라자사거리,1,127.0906479,37.17248393
2330214300,101,영천동418-23,0,127.0927906,37.20702153
2330214403,101,영천동358-34,0,127.0928189,37.21140497
2330238101,101,영천동712,0,127.1008045,37.20930765
2330238206,101,청계동537,1,127.1099411,37.19699237
2330282100,104,산척지하차도남측,0,127.1233846,37.16666582
2330303000,101,동부대로6지하차도,0,127.0858034,37.16866371
2330303900,101,LG베스트샵,0,127.1034306,37.20736128
2330305300,101,청계동554,1,127.1190271,37.19538349
2330320100,101,능동셀프세차타운,0,127.055391,37.21546142
2330320700,101,에스원스마트빌,0,127.0575005,37.21771223
2330323301,101,방교동791,0,127.0886935,37.17962306
2330345200,101,기산중학교,0,127.0514596,37.21791297
2330349101,101,오산동967-860,0,127.0880662,37.19775468
2330363200,101,청계동522,0,127.1006053,37.20139849
2330402500,101,반송동49-17,0,127.0609557,37.20753138
2330402600,101,반송동52-15,0,127.060992,37.20653662
2330409000,101,반송동115-3,0,127.0768421,37.19814918
2330409100,101,반송동115-4,0,127.0769457,37.1978519
2330409200,101,반송동130-5,0,127.0771405,37.19674353
2330409600,101,오산동708-3,1,127.0938146,37.19006942
2330410400,101,영천동684-1,0,127.1116956,37.20847831
2330412100,101,영천동740-12,0,127.1235357,37.20357916
2330413000,101,영천동748-6,0,127.1263798,37.20363709
2330450800,101,목동338-3,0,127.1247152,37.18044199
2330454900,101,방교동787,0,127.0887309,37.1810667
2330456000,101,방교동789,0,127.0904057,37.18033346
2330457100,101,방교동769-13,0,127.0914556,37.18174164
2330461300,101,영천동358-43,0,127.0909429,37.21145488
2330462200,102,중동833-345,0,127.1405385,37.20399771
2330462700,101,반송중사거리,0,127.0717698,37.18833243
2330463000,101,나루고교사거리,0,127.0727948,37.18774917
2330465400,101,석우동73,0,127.0752942,37.2237367
2330468600,101,능동1269,0,127.0525965,37.19764791
2330145400,106,기흥동탄IC앞,1,127.083496,37.21727
2330539300,101,신동701-95,0,127.1295682,37.18098053
2330527801,104,신리3교(서측),0,127.111306,37.18012322
2330526101,106,동탄JC,0,127.0913454,37.17811592
2330530401,103,동탄TG,0,127.134164,37.20402249
2330302701,101,방교동812,0,127.083964,37.17181586
2330405500,101,반송동150-15,0,127.0664478,37.19169825
2330051600,105,오산시-화성시,0,127.0765803,37.16216732
2330066900,101,노작로사거리,1,127.0767704,37.19644609
2330072600,101,예수로교회,0,127.0727618,37.20194518
2330074200,101,아미고,0,127.0598814,37.20306832
2330075000,101,제자들교회,0,127.0610155,37.20352615
2330075100,104,어울교,0,127.0739595,37.20352744
2330076800,101,투썸플레이스화성동탄점,1,127.0733638,37.2046887
2330080400,101,한마음초교사거리,0,127.0525394,37.20833056
2330211003,101,방교동860,0,127.0913938,37.16916231
2330214000,104,신리천교북측,0,127.0927548,37.18411629
2330449400,101,신동705-1,0,127.1282524,37.17107643
2330451600,101,목동444-34,0,127.1252776,37.17998372
2330013504,101,중동833-327,0,127.138837,37.20480796
2330017602,104,안화6단지삼거리교량,0,127.0509181,37.21439293
2330018200,101,태안농협기산지점,1,127.0525644,37.21470652
2330051601,101,금곡동557-17,1,127.0785971,37.16664335
2330061300,104,금반교,0,127.0843551,37.1856434
2330065700,104,나루교,0,127.0822301,37.19445231
2330067200,101,제자삼는교회,0,127.0786573,37.19674452
2330069800,101,마당뫼사거리,0,127.0594981,37.19967418
2330071201,101,푸른마을삼거리,1,127.053642,37.20218919
2330071202,101,능동1246,0,127.0531587,37.20389577
2330077500,101,119안전센터사거리,1,127.0716287,37.20522504
2330080100,101,예당마을사거리,0,127.0735609,37.20802362
2330084600,101,명품클래식어린이집,0,127.0640175,37.21046912
2330095400,101,비버어린이집,0,127.0539455,37.21459212
2330102500,101,벨호텔,0,127.0782408,37.2182732
2330104200,101,엠케이피,0,127.0724052,37.21891551
2330206500,104,동부대로6지하차도남측,0,127.0843243,37.16229206
2330206800,104,청계교서측,0,127.085433,37.20466043
2330208000,104,청계교동측,0,127.0872621,37.2046696
2330208400,104,신리천교1북측,0,127.0878506,37.18382851
2330208801,101,방교동446-2,0,127.088081,37.18109175
2330209100,104,동부대로3지하차도남측,0,127.0880417,37.19222883
2330210001,101,영천동358-136,1,127.0909054,37.20930056
2330213900,101,동북교차로,1,127.0927782,37.20464689
2330214800,101,풍성신미주아파트,0,127.0927342,37.19192122
2330238500,101,영내지하차도동측,0,127.0998695,37.21538734
2330238600,101,동탄2파출소,0,127.1034337,37.20930893
2330238602,101,영천동산17-70,0,127.1034124,37.2114131
2330302901,103,속성변화점,0,127.0858632,37.18039133
2330302903,101,방교동875-11,0,127.0859024,37.17925919
2330304900,101,산척동54-7,0,127.1147127,37.17533145
2330320501,101,고목정사거리,0,127.0570921,37.2161023
2330324300,101,송동681-598,1,127.1022109,37.17247364
2330325000,101,명진산업,0,127.1067387,37.17040735
2330326900,101,산척리362,1,127.118555,37.16924427
2330349900,101,동탄역유보라아이비파크6차,1,127.09174,37.20142536
2330350200,101,오산동967-1182,1,127.0918,37.19840771
2330350700,101,장지리910-361,0,127.0934611,37.164809
2330351100,101,동탄역리치안,1,127.0987818,37.19844299
2330351701,101,장지동249-9,0,127.102777,37.15757008
2330352600,101,산척리585-6,0,127.1075797,37.16851448
2330352700,101,산척리235,0,127.1075975,37.17040189
2330353500,101,산척리54-4,0,127.1125843,37.1753316
2330354600,101,목리261-2,1,127.1248607,37.18218387
2330364300,101,영천동651-374,0,127.1117303,37.21195837
2330364400,101,영천동3,0,127.1118152,37.21610879
2330364800,101,영천동731,0,127.1124338,37.20456513
2330365700,101,장지동45,0,127.1171753,37.16007113
2330409700,101,오산동247-2,1,127.0961725,37.18966429
2330410000,101,영천동682-1,0,127.1104869,37.208246
2330410100,101,영천동685-1,0,127.1107395,37.20802393
2330412900,102,영천동777-1,0,127.1262694,37.20430952
2330450400,101,목동253,0,127.1239152,37.18130022
2330455300,101,방교동788,0,127.0898058,37.18135001
2330458700,103,속성변화점,0,127.092018,37.18726601
2330459900,102,영천동418-13,0,127.0944645,37.20703121
2330469100,101,능동1277,0,127.0505217,37.19772288
2330469600,101,능동1276,0,127.0511341,37.19782288
2330469700,101,능동1276,0,127.0510091,37.19797286
2330504201,104,GS칼텍스(동탄그린),0,127.0839913,37.17257024
2330540500,101,신동385-1,0,127.1455408,37.18079249
2330207700,101,미르호,1,127.0867168,37.16120872
2330538700,101,신동산197-6,0,127.1250253,37.17399002
2330531101,106,동탄IC,0,127.1337678,37.20206296
2330531001,104,무봉산1터널(서측),0,127.1414037,37.21071954
2330527901,104,신리3교(동측),0,127.1117753,37.18032758
2330301900,101,독재울사거리,1,127.0544409,37.2120065
2330303300,101,JMI동탄공장,0,127.0894473,37.17520577
2330214100,101,코오롱프라자앞,1,127.0927531,37.18247385
2330018000,101,안화6단지삼거리,1,127.0514556,37.21446372
2330065600,104,나루교,0,127.0836267,37.19435968
2330068600,101,금곡초교사거리,1,127.0679909,37.19839494
2330069100,101,ACCOMCOFFEE,0,127.0775199,37.19857089
2330072300,101,은혜와진리교회동탄성전,0,127.0619629,37.20192504
2330073400,101,동탄미트,0,127.0619056,37.20274655
2330078200,101,한빛마을사거리,1,127.0681755,37.20622669
2330087800,101,쌍용자동차동탄영업소,0,127.0654119,37.21167729
2330091800,101,영천교회,0,127.0627264,37.21358889
2330094000,101,동탄인랜드교회,0,127.0635258,37.21409817
2330099900,101,능동마을휴먼시아7-1단지아파트,0,127.0612427,37.21709149
2330206700,101,케이터우드앞,1,127.0851012,37.16488935
2330209300,101,영천교차로,1,127.0880912,37.20466533
2330283300,101,중리교차로,0,127.1281432,37.20526182
2330211001,101,방교동858,0,127.0903344,37.1714473
2330213100,104,벌말지하차도,0,127.0916435,37.17833855
2330214401,101,영천동358-59,1,127.0928012,37.21051333
2330238205,101,오산동산88-81,0,127.0961196,37.19689414
2330240000,101,중동지하차도교차로,1,127.1208932,37.20285698
2330282300,104,신리지하차도남측,0,127.1235839,37.16854334
2330302200,101,동락교회,1,127.0614354,37.22272511
2330303301,101,방교동851,0,127.088631,37.17522279
2330320200,101,르노삼성부분정비,0,127.055898,37.21591209
2330321200,101,동탄테라스뷰,0,127.0592051,37.21889292
2330351300,101,장지리910-505,0,127.0992673,37.16102744
2330351700,101,장지동산110,1,127.1022706,37.15680798
2330351703,101,장지동산116-5,0,127.099562,37.15689848
2330354700,101,목리231-3,0,127.1254384,37.18522541
2330361500,101,장지동910-357,0,127.0934405,37.1643279
2330361900,101,장지동산120-46,1,127.0967767,37.16481831
2330362000,101,송동산41-12,0,127.09678,37.1653071
2330362900,101,송동산49-34,1,127.1002917,37.17248517
2330363000,101,송동산49-8,0,127.1003053,37.17390815
2330364001,101,장지동103,0,127.1072095,37.15783086
2330364401,101,영천동79-5,0,127.1073411,37.21680689
2330370700,106,기흥이설IC앞,1,127.0856433,37.21838739
2330404300,101,동탄시티병원앞,0,127.0623922,37.20839774
2330405900,101,반송동151-4,0,127.0667583,37.19344584
2330406400,101,반송동155-6,0,127.0672683,37.19224273
2330406800,101,반송동170-22,0,127.0690267,37.18633187
2330407502,101,나루고등학교,1,127.0724945,37.18692916
2330410500,101,영천동687-12,0,127.1121063,37.20791425
2330412500,101,영천동743-4,0,127.1240953,37.20277768
2330447500,101,산척동산114-1,0,127.1211031,37.16880165
2330449200,101,산척동산114-1,0,127.1214156,37.16986819
2330449900,103,속성변화점,0,127.1332895,37.16950997
2330450700,101,목동342-2,0,127.1240777,37.18056698
2330452100,101,목동264,1,127.1266275,37.18185018
2330455000,101,방교동787,0,127.0887434,37.18136667
2330458000,101,방교동787,0,127.0887934,37.18319979
2330458900,102,동탄초등학교,0,127.0910806,37.18985737
2330459500,102,청계동544,0,127.1140535,37.19407369
2330462800,101,반송동307,0,127.0720823,37.18815745
2330465000,101,석우동68,0,127.0748692,37.22488657
2330465300,101,석우동69,0,127.0752317,37.22457827
2330466100,102,반월동1183,0,127.0614955,37.21980374
2330467100,101,능동1284,0,127.0519465,37.20358888
2330467300,101,나래울사거리,0,127.0523214,37.20484707
2330469300,101,능동1264,0,127.052184,37.19876444
2330495800,101,영천동111-1,0,127.1002545,37.21644603
2330160200,106,기흥동탄IC앞,1,127.0877524,37.21727102
2330011100,101,동탄기흥로277번길-2,0,127.0854875,37.18559567
2330013604,101,예당고교사거리,1,127.0807636,37.20920465
2330017600,101,예랑어린이집,0,127.0475721,37.21358893
2330019200,105,화성시-용인시기흥구,0,127.0949394,37.21789731
2330065400,101,새강마을사거리,1,127.072473,37.19276249
2330071600,101,공원로사거리,0,127.0593816,37.20160479
2330072100,101,동탄하늘교회,0,127.0598851,37.20189693
2330075600,104,창조교,0,127.0711619,37.20379116
2330077100,104,열림교,0,127.0802077,37.2049422
2330082100,101,반송딸기S어린이집,0,127.0633561,37.20936854
2330088000,101,능동중삼거리,0,127.0602488,37.21176171
2330096200,101,능동한빛어린이집,0,127.0618726,37.21486247
2330097200,101,동탄능동성당,0,127.0612074,37.21540639
2330107000,101,이우아이어린이집,0,127.0748169,37.22140494
2330108500,101,CUSK프리미엄셀프주유소점,0,127.07403,37.22336612
2330144001,101,영천동87,0,127.1032814,37.21567735
2330207000,101,동탄신리천로-3,1,127.0857288,37.1872003
2330207702,101,방교동868,1,127.087226,37.1634967
2330212700,104,오산리천2교,0,127.0908588,37.18676792
2330238100,101,동탄지식산업센터,1,127.0987786,37.20930877
2330238102,101,영천동산24-1,0,127.0987736,37.21055569
2330239000,101,동탄모아미래도아파트,1,127.1132034,37.20352096
2330303102,101,방교동855,0,127.0886408,37.17196164
2330303200,101,대한고열공업,1,127.0887701,37.17253027
2330303600,101,꿈에그린프레스티지아파트,0,127.0987697,37.19690958
2330304600,101,한마음부영함바,1,127.1140068,37.1723712
2330320900,101,엠벡스모터스,1,127.0580927,37.21993522
2330325300,101,금강펜테리움센트럴파크,0,127.1092966,37.18142163
2330350500,101,오산동967-183,1,127.0927396,37.20329063
2330352202,101,영천동679-9,1,127.1074297,37.20861954
2330352800,101,엔코스,1,127.1091992,37.20779451
2330363300,101,오산동497,1,127.101195,37.18484496
2330364101,101,장지동154,0,127.1049193,37.15956407
2330364502,101,장지동463,1,127.1095363,37.1556888
2330364700,101,장지동472-2,0,127.1123535,37.15626849
2330366100,103,속성변화점,0,127.1200543,37.15977097
2330403400,101,반송동54-6,0,127.0617121,37.20600122
2330403600,101,반송동52-10,0,127.0618399,37.20625026
2330404900,101,반송동146-1,0,127.0659221,37.19436187
2330405000,101,반송동147-1,0,127.0661115,37.19434837
2330406000,101,반송동151-5,0,127.0668552,37.19312624
2330406500,101,반송동156-8,0,127.067667,37.19105439
2330406700,101,반송동171-9,0,127.0682902,37.18679402
2330408400,101,반송동115-8,0,127.0762697,37.19751513
2330409400,101,반송동122-12,0,127.0775319,37.19693249
2330409801,101,오산동169-2,0,127.0988323,37.19029563
2330411200,101,영천동683-11,0,127.1136115,37.20863136
2330412200,101,영천동738-8,0,127.1236536,37.20461534
2330450600,101,목동345-2,0,127.1229028,37.18080028
2330451200,101,목동313-2,0,127.126165,37.18060032
2330455500,101,방교동788,0,127.0898058,37.18076674
2330455600,101,방교동788,0,127.0897933,37.1803168
2330455900,101,방교동789,0,127.0904057,37.17997517
2330456800,101,동탄프리미엄아울렛,0,127.0916306,37.18075842
2330457000,101,동탄프리미엄아울렛,0,127.0918931,37.18135002
2330459300,101,오산동171-1,0,127.097955,37.19028236
2330459700,102,오산동967-18,0,127.0966175,37.20351417
2330463400,101,반송동230-1,0,127.0663701,37.20843841
2330466200,101,하나지하차도사거리,0,127.0587707,37.21767064
2330466300,102,기산동33-3,0,127.0547211,37.21758729
2330466700,101,능동1282-2,0,127.0512591,37.20133081
2330466900,102,능동1255,0,127.0528964,37.20072255
2330467600,101,서동탄역사거리,0,127.052784,37.19899775
2330468100,101,능동1276-1,1,127.0516091,37.19720628
2330469900,103,속성변화점,0,127.0564711,37.20032262
2330518301,106,기흥동탄IC,0,127.0870014,37.21541972
2330540300,101,신동689-23,0,127.1409153,37.18359557
2330526901,106,동탄JC,0,127.1013039,37.17766745
2330529501,104,중리1교(동측),0,127.1312306,37.20212495
2330529101,104,중리TG,0,127.1297567,37.20107697
2330529001,104,동탄터널(동측),0,127.1294578,37.2008304
2330013503,102,명승관광,0,127.138893,37.203351
2330013606,101,한림대병원사거리,0,127.0785167,37.21491327
2330018300,101,태안농협기산지점,0,127.052944,37.21484956
2330019700,101,능리교차로,1,127.0564411,37.21865156
2330362800,103,속성변화점,0,127.0998835,37.17628357
2330409900,101,오산동309,1,127.0996869,37.18813948
2330091500,101,꿈동산어린이집,0,127.0622102,37.21356196
2330094800,101,포비어린이집,0,127.055449,37.21439419
2330095700,104,하나지하차도,0,127.0609287,37.21469758
2330100600,102,석우동25,0,127.0726751,37.21730045
2330102100,101,커피앤더블샷,0,127.0796102,37.21789129
2330106700,101,에이디맥스,0,127.0697956,37.2206985
2330144900,104,풀잎지하차도,0,127.081516,37.216614
2330238105,101,영천동98-1,0,127.1005041,37.21374335
2330238301,101,청계동560,0,127.0988167,37.20285592
2330238900,101,동탄2신도시A66BL,1,127.1067667,37.17249927
2330239600,104,지하차도서측,0,127.1189689,37.20324164
2330240300,101,중리교차로,0,127.1236472,37.21058442
2330240400,101,중리교차로,0,127.1240824,37.20613819
2330321000,101,상록아파트,1,127.0581032,37.21643872
2330321201,101,능동1183,0,127.0601292,37.22071398
2330321300,101,신동탄창업비즈센터,1,127.0596328,37.22112293
2330322302,101,반송동228,0,127.0654241,37.20982596
2330323800,101,코오롱인더스트리,0,127.092682,37.18173745
2330325700,101,산척동54-4,0,127.1106292,37.17533158
2330326500,101,정현초등학교,0,127.1139835,37.17069469
2330345500,101,반월동649-4,1,127.0554089,37.21967721
2330350000,101,오산동967-1158,1,127.0917445,37.19573044
2330350300,101,장지리910-182,0,127.0923693,37.16101507
2330350801,101,송동434-4,0,127.095468,37.1667273
2330350902,101,장지동187-2,0,127.0954998,37.15953601
2330351201,101,장지동207-4,0,127.0992526,37.15952345
2330351800,101,장지리산120-35,1,127.1035596,37.16567517
2330352000,101,송리681-813,0,127.1067146,37.16807548
2330352300,101,성원상떼빌아파트,1,127.1074675,37.20912634
2330365000,101,청계동524,0,127.1127363,37.20047342
2330365200,101,청계동554,0,127.1148279,37.2012833
2330366400,101,영천동759,0,127.1242022,37.20441524
2330402200,101,반송동52-19,0,127.0605412,37.20669639
2330402400,101,반송동55,1,127.0608567,37.20626942
2330403100,101,반송동54-4,0,127.0613027,37.2061269
2330403700,101,반송동43-2,0,127.0619816,37.20854717
2330405800,101,반송동155-9,0,127.0667559,37.19196543
2330406600,101,반송동154-6,0,127.0676746,37.19239997
2330407100,101,반송동176-6,0,127.0703284,37.18774739
2330407500,101,나루고교사거리,0,127.0735953,37.18771434
2330408100,101,반송동116-12,0,127.0757865,37.19825142
2330408500,101,반송동116-4,0,127.0763114,37.19826553
2330410300,101,영천동683-1,0,127.1115243,37.20874414
2330413300,102,영천동777-4,0,127.1284954,37.20360705
2330447800,101,산척동산117-3,0,127.1193907,37.16942656
2330450200,103,속성변화점,0,127.1191532,37.17917544
2330451500,102,목동336,0,127.1257776,37.1795921
2330452600,101,동탄6동행정복지센터,0,127.0900933,37.17360924
2330452900,101,장지동132-1,0,127.1099917,37.16206902
2330453500,101,장지동산2-1,0,127.1056921,37.15895269
2330453800,101,장지동227,0,127.101005,37.15736951
2330456500,101,방교동789,0,127.0904182,37.18214159
2330456900,101,동탄프리미엄아울렛,0,127.0917681,37.18105006
2330458600,103,속성변화점,0,127.0915806,37.18782428
2330466600,101,능동1282-2,0,127.0484468,37.20124747
2330518501,106,기흥동탄IC,0,127.0874537,37.21553509
2330501601,101,아리랑갈비,0,127.081099,37.21134786
2330538900,103,신동613-2,0,127.1273601,37.17786679
2330540900,102,신동194-2,0,127.1416453,37.1881774
2330541000,102,신동81-6,0,127.1460009,37.18541026
2330540600,102,신동산88-1,0,127.146724,37.18126671
2330530301,106,동탄IC,0,127.1334228,37.20407879
2330526801,104,방교3교(동측),0,127.09693,37.17797153
2330530601,106,동탄IC,0,127.135424,37.20505172
2330447200,101,산척동산49,0,127.12749,37.16683525
2330449500,102,신동703-1,0,127.1250652,37.17305951
2330518601,106,기흥동탄IC,0,127.086103,37.21740699
2330208700,104,신리천교1남측,0,127.0879313,37.18334167
2330362400,101,장지동910-501,0,127.0983772,37.16103119
2330066500,101,갤러리카페포라,0,127.080345,37.19608205
2330071800,101,은혜와진리교회동탄성전,0,127.0619678,37.20162913
2330072200,101,에코스쿨삼거리,1,127.0737152,37.20191916
2330072400,101,다은마을삼거리,1,127.0672698,37.2019265
2330072900,101,설리번어린이집,0,127.0608708,37.20228995
2330074400,101,동탄i어린이집,0,127.0617228,37.2031205
2330074800,101,동탄고삼거리,0,127.0593423,37.20345541
2330079500,101,동탄지구대,1,127.0768118,37.20747381
2330081300,101,해남군수협동탄센트럴지점,0,127.0634713,37.20889814
2330083800,101,다솜아이어린이집,0,127.0623384,37.21020009
2330084000,101,동탄사임당어린이집,0,127.0643112,37.21031709
2330086200,101,동탄아이자람어린이집,0,127.0629083,37.21102734
2330090100,101,능동고교삼거리,0,127.0578035,37.21287129
2330092700,101,영천교회,0,127.062496,37.2137684
2330105900,101,삼성물산화성캠프,0,127.0720412,37.21993336
2330106500,101,삼성물산화성캠프,0,127.073396,37.22060052
2330150900,101,대평별장,0,127.0753373,37.21363376
2330207300,104,동부대로5지하차도남측,0,127.0861134,37.17016722
2330209800,104,동탄2지하차도남측,0,127.0881297,37.20868296
2330210100,101,방아다리공원앞,0,127.0881532,37.18245951
2330210700,104,청운교남측,0,127.0887398,37.16768199
2330214402,101,영천동152-21,0,127.0943132,37.21448678
2330214900,101,정밀계측단지앞교차로,0,127.0927855,37.18894419
2330238104,101,영천동99-8,0,127.0998138,37.21322377
2330238601,101,동탄5동행정복지센터,1,127.1034282,37.20989663
2330278300,104,송동지하차도동측,0,127.0921617,37.16480646
2330279500,101,송동산49-4,0,127.1057495,37.1752538
2330302800,101,오동교,0,127.0840659,37.16157758
2330302902,101,방교동875-11,0,127.0858367,37.18147464
2330321100,101,숲속마을사거리,0,127.0590682,37.20957379
2330322301,101,반송동229,0,127.0659213,37.20960456
2330322305,101,반송동227-1,0,127.0646631,37.21017092
2330351102,101,오산동산88-73,1,127.0974924,37.19844839
2330353300,101,동탄메디피아,0,127.1108728,37.20564506
2330353700,101,펜테리움센트럴파크2차아파트,0,127.114613,37.17707225
2330353800,101,산척동54-7,1,127.1148191,37.17575776
2330354000,101,농협장지점,0,127.1182049,37.15488577
2330360700,102,오산동967-818,0,127.0883159,37.20062843
2330361600,101,송동456,0,127.0934874,37.16530338
2330363900,101,장지동산120-11,1,127.1063105,37.16290335
2330364100,101,동탄2롯데캐슬,0,127.1076269,37.15841834
2330364402,101,영천동79-5,0,127.1050791,37.21683239
2330364900,101,영천동697,0,127.1126034,37.2092452
2330406200,102,반송동166-1,0,127.0670834,37.18750317
2330407504,101,나루고등학교,1,127.0719103,37.18727426
2330407800,101,반송동197-4,0,127.0744334,37.19003334
2330408200,101,반송동116-8,0,127.0760704,37.19761635
2330409800,101,오산동302-1,1,127.098972,37.18969555
2330410200,101,영천동685-8,0,127.1112181,37.20748185
2330413100,101,영천동757-4,0,127.1274561,37.2024458
2330448900,101,산척동산114-1,0,127.1203032,37.16962655
2330451300,101,목동315,0,127.1260025,37.18019203
2330454400,101,방교동850,0,127.0886434,37.17630892
2330454800,101,방교동787,0,127.0887309,37.18077507
2330457400,101,방교동776-2,0,127.0914556,37.18271653
2330459600,102,오산동967-119,0,127.0965925,37.20286424
2330460300,101,영천동506-1,0,127.1014045,37.21137996
2330460900,101,영천동29,0,127.1090662,37.21858751
2330461500,101,영천동351,0,127.0925302,37.21446288
2330464300,101,반송동230,0,127.0675075,37.20996324
2330464600,101,반송동227,0,127.0681391,37.21072446
2330469000,101,능동1275,0,127.0507466,37.19826449
2330159901,104,동탄지하차도북측,0,127.0956593,37.20472
2330539000,101,신동557,0,127.1352119,37.17347831
2330120100,106,동탄JC,0,127.0905461,37.17811192
2330527401,103,신리터널(서측),0,127.1035746,37.17804465
2330013608,101,삼성반도체사거리,0,127.0772186,37.21840056
2330013609,101,NH-OIL동탄농협셀프,0,127.0762117,37.22041367
2330020601,101,반월동950,0,127.0683715,37.22523734
2330065900,101,나루교사거리,1,127.0810072,37.19460266
2330070400,101,문화센터삼거리,1,127.0741202,37.19982654
2330078300,101,노작공원사거리,1,127.0757355,37.2065463
2330082400,101,KB국민은행동탄능동지점,1,127.0614745,37.20967044
2330089700,101,카페루멘,0,127.0636407,37.21273258
2330093300,101,영천교회,0,127.0623043,37.21394085
2330096800,101,아이캐슬어린이집,0,127.0549358,37.21525099
2330207600,101,AP시스템앞,1,127.0867122,37.17250626
2330209000,101,동탄교차로,0,127.0880438,37.19425302
2330209400,104,동부대로2지하차도북측,0,127.0880979,37.2063588
2330209600,104,동부대로3지하차도,0,127.0881202,37.20193075
2330210200,101,경기도시공사입구,1,127.0881436,37.16630829
2330210800,104,청운교북측,0,127.0888257,37.16788139
2330211400,104,오산리천1교,0,127.0895677,37.18516878
2330212501,101,방교동853,1,127.090896,37.1735732
2330214200,101,오산동967-1257,1,127.092742,37.20143023
2330214700,101,오산동967-1177,0,127.0927404,37.19843909
2330215000,101,동탄신리천로-1,1,127.0927912,37.18658087
2330215001,101,오산동740-2,0,127.0927897,37.18784096
2330237900,104,영내지하차도서측,0,127.0954066,37.21579307
2330238200,101,오산동970,1,127.0987882,37.19437685
2330239700,101,동탄공공임대주택부근,1,127.1192236,37.17144171
2330279501,101,송동681-78,0,127.1052415,37.1762679
2330281500,104,생태터널남측,0,127.1204742,37.17578135
2330282500,104,신리지하차도북측,0,127.1242568,37.17408031
2330302600,101,석우동114,1,127.0813241,37.20782792
2330303101,101,방교동855,0,127.0885196,37.17145097
2330303500,101,시스템알앤디,1,127.0913036,37.1751885
2330323302,101,방교동791,0,127.0897689,37.17962478
2330349100,101,오산동967-1054,0,127.0880572,37.1969119
2330349200,101,오산동967-925,0,127.0896886,37.19832875
2330351702,101,장지동230-4,0,127.10098,37.15685313
2330351802,101,송동62,0,127.1041259,37.16678934
2330352200,101,영천동673-5,0,127.1073574,37.20772245
2330352301,101,영천동712,0,127.1053542,37.20931113
2330353900,101,산척동산90,1,127.1149899,37.16610685
2330354501,101,목동340,0,127.1245571,37.18117198
2330360900,101,오산동967-951,0,127.0897053,37.19954347
2330361700,101,장지동910-428,0,127.0967132,37.16299832
2330361800,101,장지동산120-50,0,127.096757,37.16432076
2330402700,101,은행사거리,1,127.0610688,37.20884996
2330404200,101,반송동53-1,0,127.0623434,37.20656377
2330405600,101,반송동145-5,0,127.0664704,37.19442308
2330407000,102,반송동170-26,0,127.0697274,37.18588182
2330407200,101,반송동163-5,0,127.0705968,37.1880501
2330407300,101,반송중사거리,0,127.0714262,37.18896438
2330407400,101,반송중사거리,0,127.0718079,37.18928179
2330407505,101,반송동303-1,1,127.0715071,37.18751241
2330407700,101,반송동210,0,127.0739041,37.1880865
2330411000,101,영천동687-7,0,127.1132725,37.20847803
2330411500,101,한백중학교,0,127.1152609,37.20641861
2330411700,101,영천동739-5,0,127.1223512,37.20395867
2330447700,101,산척동산116,0,127.1193033,37.16910993
2330449300,101,산척동산39-3,0,127.122128,37.16966822
2330450000,103,속성변화점,0,127.1282274,37.16950994
2330451100,101,목동312-3,0,127.1262525,37.18084196
2330452300,103,속성변화점,0,127.1232528,37.18190848
2330452800,103,속성변화점,0,127.1046546,37.16641015
2330453000,101,장지동151,0,127.1042797,37.15864438
2330454300,103,속성변화점,0,127.0903684,37.16950971
2330457600,101,방교동786,0,127.0920556,37.18339979
2330457800,101,방교동786,0,127.0904307,37.18340811
2330458800,102,오산동691-1,0,127.0876684,37.18757428
2330460200,101,영천동산24-1,0,127.101117,37.21053838
2330460700,101,영천동99-8,0,127.0990297,37.2134547
2330464000,101,반송동227,0,127.0664826,37.21121309
2330467500,101,능동1252,0,127.0527464,37.20378053
2330468900,101,능동1275,0,127.0511341,37.19846447
2330538800,101,신동636-1,0,127.1271044,37.17395132
2330539800,101,신동513,0,127.1407999,37.1757335
2330530701,106,동탄IC,0,127.1377829,37.20782853
2330529401,104,중리1교(동측),0,127.1311162,37.20218543
2330354200,101,목동산60,0,127.1203276,37.18624258
2330013502,104,중리교,0,127.1343884,37.20333953
2330013602,104,나래교,0,127.0823557,37.20651971
2330061600,101,탄요유적공원삼거리,1,127.078483,37.18602924
2330066300,101,사랑밭교회,0,127.0801511,37.19570414
2330068900,101,영스키친,0,127.0780077,37.19853283
2330071500,101,공원로사거리,0,127.059886,37.20159733
2330082200,101,IBK기업은행동탄서지점,0,127.0619657,37.2095051
2330083300,101,숲속마을사거리,1,127.0592917,37.2100187
2330086000,101,동탄새소망교회,0,127.0688079,37.21096389
2330086300,103,속성변화점,0,127.0477019,37.2110505
2330092300,101,동탄인랜드교회,0,127.0636306,37.21366984
2330095900,101,포비어린이집,0,127.0557401,37.21475044
2330097000,101,고목정사거리,0,127.0567969,37.21533541
2330104600,101,제이에스부티크호텔,0,127.0792459,37.21924958
2330206501,101,방교동750-974,0,127.0846438,37.16333679
2330207701,101,방교동869,0,127.0886716,37.16321003
2330209500,104,동부대로2지하차도,0,127.088102,37.20705718
2330209900,101,동탄신리천로-2,1,127.0881279,37.1870158
2330210101,101,방교동788,0,127.0898056,37.18243357
2330210500,104,동탄2지하차도북측,0,127.0884092,37.21098208
2330213402,101,방교동793,0,127.0937041,37.18173335
2330214404,101,영천동156-1,1,127.0939069,37.21339568
2330214801,101,오산동967-128,0,127.0927252,37.19331715
2330215401,101,영천동272-6,1,127.0904271,37.21623905
2330238400,101,영천동787,1,127.0988283,37.20474717
2330281300,101,산척동291,1,127.1199798,37.17412074
2330283800,104,중리터널남측,0,127.1314574,37.19332795
2330302900,101,FINEST,1,127.0842496,37.17256527
2330303202,101,동탄6동행정복지센터,0,127.0889306,37.17313011
2330304300,101,재원로얄프라자,1,127.1114256,37.20591139
2330304500,101,롯데캐슬알바트로스아파트,1,127.1134258,37.19774112
2330324500,101,부영사랑으로모델하우스,1,127.102859,37.18128866
2330345301,101,기산동40-2,0,127.0547682,37.2165067
2330349301,101,오산동967-23,0,127.0896931,37.19775626
2330352100,101,동탄치동천체육공원,0,127.1071841,37.20608763
2330353600,101,산척동산111,0,127.1139921,37.16845577
2330354601,101,목동산21-2,0,127.1251711,37.18322386
2330363500,101,장지동산120-19,0,127.1024871,37.16063196
2330363800,101,장지동910-58,0,127.104478,37.16367243
2330404100,101,반송동49-10,0,127.0622538,37.20712326
2330408700,101,반송동195-13,0,127.0765047,37.18874006
2330408800,101,반송동194-1,0,127.0766554,37.18914834
2330411300,101,영천동710-1,0,127.1136429,37.20514662
2330448200,101,산척동산36-16,0,127.1205406,37.17043479
2330449000,101,산척동산36-15,0,127.1204281,37.17008483
2330450900,101,목동338-2,0,127.1253651,37.18031701
2330451400,101,목동337,0,127.1258776,37.17986707
2330452200,102,신동산205-20,0,127.1275274,37.18168354
2330453100,101,장지동150,0,127.1047297,37.15845274
2330454000,102,장지동산115-5,0,127.0989677,37.15504476
2330456300,101,방교동789,0,127.0904182,37.18136668
2330456600,101,방교동790,0,127.0912932,37.17996685
2330463800,101,반송동9-9,0,127.0655952,37.21074648
2330464700,101,석우동68,0,127.0743568,37.22488657
2330465500,101,석우동77,0,127.0763691,37.22235354
2330466800,101,푸른마을삼거리,0,127.0531044,37.20147642
2330467800,101,능동1271,0,127.0523215,37.19794787
2330467900,101,능동1271,0,127.051909,37.19773123
2330468000,101,능동1276-1,0,127.0514091,37.19746459
2330468800,101,능동1275,0,127.0513466,37.19856446
2330469400,101,능동1272,0,127.052034,37.19836449
2330496200,102,석우동362-3,0,127.0837243,37.2104347
2330517501,101,산척동782-1,0,127.1201692,37.16487759
2330504901,101,동탄2신도시센트럴스타(2021년12,0,127.0989721,37.18630844
2330504801,101,동탄2신도시센트럴스타(2021년12,1,127.0981924,37.18635481
2330503901,104,필봉터널(동측),0,127.0723087,37.17156865
2330504101,104,오산천2교,0,127.0821853,37.17273628
2330215403,101,영천교삼거리,0,127.0878667,37.21664751
2330120000,106,동탄JC남측,1,127.0949795,37.17394052
2330530001,104,중리2교(동측),0,127.1328336,37.20358119
2330526601,106,동탄JC,0,127.0961377,37.17813221
2330010901,104,오동교,0,127.0839795,37.16137269
2330017601,101,"안화7,8단지삼거리",0,127.0492273,37.21485358
2330068200,101,휴먼시아사거리,1,127.0655866,37.1978695
2330071200,101,푸른마을삼거리,0,127.0534902,37.20142597
2330076400,101,금호어울림앞교차로,0,127.067557,37.20439009
2330076900,104,열림교,0,127.0810672,37.20480227
2330079600,101,동탄보건지소,0,127.0788535,37.20753121
2330080500,101,우체국사거리,1,127.0782723,37.20835025
2330080900,101,센트럴파크사거리,1,127.0632543,37.20846123
2330081900,101,은행사거리,0,127.0612601,37.2092443
2330093600,101,남서울밀알교회,0,127.0551854,37.21402942
2330095500,101,능동한빛어린이집,0,127.0615631,37.21461462
2330106600,104,하나지하차도,0,127.0544775,37.2206433
2330211901,101,동탄초등학교,0,127.0904513,37.18952109
2330214500,104,신리천교남측,0,127.092766,37.18351684
2330215400,101,영천교차로,1,127.0943251,37.21588435
2330238000,104,방교터널동측,0,127.0975128,37.17249105
2330279600,104,장지지하차도동측,0,127.1060264,37.15678591
2330282200,104,산척지하차도북측,0,127.12354,37.16813078
2330304100,101,반도유보라아이비파크1차아파트,1,127.1096772,37.20325308
2330322102,101,센트럴파크사거리,0,127.0643891,37.20817053
2330349800,101,동탄역유보라아이비파크6차,1,127.0917267,37.20325248
2330353100,101,장지동산120-64,1,127.1103961,37.16567512
2330353901,101,산척동468,0,127.1178387,37.16791509
2330360800,102,오산동967-937,0,127.0883218,37.19953867
2330361000,101,오산동967-765,0,127.0897069,37.20054291
2330361400,101,오산동967-1191,0,127.0927288,37.20041218
2330362100,101,송동154-49,0,127.09681,37.16673349
2330363100,101,송동681-193,0,127.1003127,37.17518994
2330364600,101,장지동산14,0,127.1123348,37.16146153
2330365100,101,장지동96-1,0,127.1140638,37.15813791
2330402100,101,숲속초교사거리,1,127.0603926,37.20641671
2330403300,101,반송동45-7,0,127.0616119,37.2077703
2330403500,101,시온교회앞,0,127.0618305,37.20555706
2330404500,101,반송동48-8,0,127.0625617,37.20702644
2330405300,101,반송동150-10,0,127.0663061,37.19241026
2330405700,101,반송동144-3,0,127.0667304,37.19508151
2330406300,101,반송동145-18,1,127.0671942,37.19353276
2330407506,101,반송동303-1,1,127.0711954,37.18769653
2330408600,101,반송동194-15,0,127.0763592,37.18833995
2330409300,101,반송동113-8,0,127.0773541,37.19773919
2330410700,101,영천동701-10,0,127.1124882,37.205263
2330411100,101,영천동704-1,0,127.1132938,37.20563477
2330411600,101,영천동739-9,0,127.1222265,37.20318265
2330448000,101,산척동363,0,127.1196407,37.1702598
2330448100,101,산척동산36-17,0,127.1197282,37.17060976
2330452500,101,목동산20,0,127.1246151,37.18334166
2330452700,103,속성변화점,0,127.1235902,37.18306669
2330455800,101,방교동755-12,0,127.0892433,37.18135834
2330457300,101,방교동776-2,0,127.0914556,37.18214993
2330460600,102,영천동산21-1,0,127.0967424,37.2113466
2330462100,102,중동326-2,0,127.1338141,37.20266449
2330462900,101,반송동183-9,0,127.0724698,37.18792415
2330463700,101,반송동227-1,0,127.0652452,37.21090479
2330464100,101,반송동227,0,127.067145,37.21112977
2330464200,101,반송동228,0,127.0659952,37.21056317
2330464900,101,석우동66,0,127.0742193,37.22514487
2330465600,101,석우동77,0,127.0765441,37.2224202
2330468400,101,능동1265,0,127.0537464,37.19838116
2330469500,101,능동1272,0,127.0515091,37.19802286
